junction,hour,day_of_week,weather,temperature_c,vehicles,congestion_score,high_congestion
5,14,5,0,19.0,157,1.9,0
6,11,4,0,19.8,153,1.9,0
4,15,6,1,43.5,108,1.3,0
5,23,6,3,41.4,187,2.3,0
3,18,0,3,42.2,383,4.6,0
0,7,6,0,44.7,151,1.8,0
4,20,3,0,21.2,414,5.0,0
4,16,1,0,25.7,267,3.2,0
5,22,1,2,35.1,230,2.8,0
7,4,1,0,29.5,184,2.2,0
3,21,3,2,27.6,341,4.1,0
5,15,5,3,25.7,153,1.9,0
3,5,0,1,32.8,160,1.9,0
3,7,6,1,32.3,68,0.8,0
0,17,3,1,19.8,375,4.5,0
4,11,1,1,29.2,192,2.3,0
6,14,4,2,31.6,223,2.7,0
0,8,2,2,32.1,559,6.8,0
0,12,6,0,21.3,96,1.2,0
3,14,3,2,37.3,241,2.9,0
1,9,3,0,15.8,354,4.3,0
4,15,0,0,25.6,237,2.9,0
7,6,0,1,38.4,172,2.1,0
0,16,3,2,31.9,299,3.6,0
6,22,1,2,22.8,315,3.8,0
1,20,2,0,35.8,599,7.2,1
1,21,6,0,32.0,120,1.5,0
7,6,0,3,38.9,234,2.8,0
0,13,6,3,37.1,104,1.3,0
6,14,1,0,33.3,215,2.6,0
4,20,6,3,29.6,382,4.6,0
2,6,4,3,19.0,136,1.6,0
6,8,0,0,22.8,396,4.8,0
7,18,1,0,27.6,476,5.8,0
1,15,1,2,33.0,266,3.2,0
4,7,2,0,30.4,204,2.5,0
6,17,2,0,23.6,378,4.6,0
2,22,4,1,15.2,259,3.1,0
2,17,1,2,29.9,711,8.6,1
3,19,5,2,23.6,539,6.5,0
3,6,1,2,37.0,256,3.1,0
5,2,2,1,15.7,212,2.6,0
7,17,5,0,32.5,458,5.5,0
0,9,0,2,43.2,518,6.3,0
6,6,0,2,20.2,265,3.2,0
6,16,6,3,29.1,122,1.5,0
0,13,3,2,17.7,188,2.3,0
5,23,2,0,33.8,131,1.6,0
1,2,3,0,31.5,254,3.1,0
1,11,5,3,27.2,72,0.9,0
5,12,2,2,30.6,272,3.3,0
1,1,4,2,41.9,289,3.5,0
3,2,1,2,20.9,343,4.1,0
6,4,4,1,15.7,234,2.8,0
5,10,5,2,40.8,560,6.8,0
6,7,2,0,32.3,159,1.9,0
0,22,5,0,41.7,124,1.5,0
2,22,1,1,32.9,219,2.6,0
3,11,0,1,39.3,252,3.0,0
4,6,0,2,27.9,296,3.6,0
3,14,5,3,37.5,179,2.2,0
5,23,3,1,42.4,197,2.4,0
4,16,2,1,32.2,137,1.7,0
2,3,2,2,20.4,304,3.7,0
5,21,0,2,23.1,293,3.5,0
7,12,6,1,21.0,83,1.0,0
6,17,4,3,22.4,464,5.6,0
2,0,6,1,24.2,124,1.5,0
6,15,1,2,31.7,197,2.4,0
1,12,4,2,32.6,205,2.5,0
7,9,4,1,27.8,566,6.8,0
7,11,5,3,33.5,86,1.0,0
2,1,0,1,17.4,227,2.7,0
7,22,6,1,17.6,198,2.4,0
4,2,6,2,20.2,293,3.5,0
7,9,0,3,30.5,471,5.7,0
6,1,6,0,21.4,151,1.8,0
6,22,0,3,23.5,270,3.3,0
5,12,5,1,27.0,126,1.5,0
6,12,3,1,39.4,151,1.8,0
5,17,4,1,15.4,384,4.6,0
6,2,5,3,34.5,75,0.9,0
4,6,2,2,35.1,287,3.5,0
0,13,1,1,39.0,214,2.6,0
5,19,3,1,43.0,508,6.1,0
3,16,2,3,15.6,240,2.9,0
1,20,4,0,19.6,540,6.5,0
2,11,6,0,41.6,152,1.8,0
6,15,0,2,28.8,156,1.9,0
7,23,4,2,31.9,281,3.4,0
0,11,5,1,34.9,119,1.4,0
6,14,1,3,35.4,195,2.4,0
7,9,5,1,43.0,378,4.6,0
1,6,3,2,44.9,329,4.0,0
1,19,3,3,36.6,542,6.6,0
1,4,1,3,23.6,138,1.7,0
7,0,2,2,41.4,287,3.5,0
6,16,2,0,16.5,201,2.4,0
1,2,3,0,21.9,96,1.2,0
4,12,3,3,41.9,137,1.7,0
5,13,6,1,22.7,59,0.7,0
7,23,0,0,21.6,196,2.4,0
7,17,6,1,19.1,555,6.7,0
6,3,6,0,40.8,126,1.5,0
7,17,2,0,30.0,482,5.8,0
7,4,1,1,35.2,164,2.0,0
1,15,2,2,22.2,255,3.1,0
6,0,0,0,37.7,165,2.0,0
1,20,5,0,37.8,523,6.3,0
5,13,3,1,24.4,202,2.4,0
0,14,3,2,27.3,257,3.1,0
5,8,0,0,21.3,525,6.3,0
0,14,6,0,44.3,194,2.3,0
1,16,1,2,34.4,246,3.0,0
5,23,3,0,43.0,93,1.1,0
6,3,4,2,24.1,257,3.1,0
2,11,6,2,38.5,246,3.0,0
1,4,3,1,38.0,126,1.5,0
0,4,4,3,35.7,143,1.7,0
4,10,0,2,44.0,684,8.3,1
0,5,0,1,26.8,221,2.7,0
4,6,6,3,18.9,138,1.7,0
7,23,3,0,35.2,108,1.3,0
5,13,2,3,36.9,172,2.1,0
4,23,4,2,32.3,300,3.6,0
0,10,1,2,21.2,545,6.6,0
7,12,3,2,30.1,220,2.7,0
2,1,1,2,24.4,331,4.0,0
6,6,3,2,27.8,260,3.1,0
6,19,2,1,34.4,587,7.1,1
6,3,2,2,37.4,266,3.2,0
4,7,6,1,22.0,57,0.7,0
2,19,6,0,27.2,377,4.6,0
4,21,2,2,23.1,311,3.8,0
5,20,5,2,21.0,453,5.5,0
4,18,2,3,38.5,540,6.5,0
2,12,0,0,42.3,182,2.2,0
2,13,0,2,26.1,317,3.8,0
5,9,5,2,37.5,458,5.5,0
2,10,4,0,41.9,492,5.9,0
0,1,1,1,40.4,268,3.2,0
2,8,3,2,20.5,585,7.1,1
6,16,3,3,43.7,252,3.0,0
0,2,5,2,26.3,242,2.9,0
0,23,0,3,25.2,227,2.7,0
5,5,6,3,16.9,82,1.0,0
3,4,3,2,29.6,378,4.6,0
3,4,0,2,18.3,298,3.6,0
2,21,4,3,22.5,256,3.1,0
0,14,1,0,24.5,252,3.0,0
3,22,4,0,39.3,178,2.2,0
3,16,5,2,41.3,241,2.9,0
2,8,2,1,24.1,433,5.2,0
3,2,2,0,40.8,186,2.2,0
4,19,2,2,40.7,697,8.4,1
7,16,4,0,37.9,223,2.7,0
5,9,3,1,19.4,458,5.5,0
7,2,1,2,35.7,176,2.1,0
2,17,2,1,43.4,587,7.1,1
6,17,5,2,35.5,547,6.6,0
5,16,5,1,24.9,134,1.6,0
2,23,2,0,30.0,197,2.4,0
0,2,2,0,34.4,189,2.3,0
6,2,1,1,30.3,169,2.0,0
7,5,2,1,18.6,237,2.9,0
2,12,1,1,24.4,189,2.3,0
0,23,5,2,39.1,274,3.3,0
5,14,2,0,40.8,270,3.3,0
5,8,4,2,19.1,580,7.0,0
1,3,6,0,43.6,92,1.1,0
0,13,4,3,24.9,202,2.4,0
4,4,5,2,34.9,209,2.5,0
3,1,1,0,37.6,179,2.2,0
6,10,4,0,39.4,515,6.2,0
0,8,1,2,43.4,486,5.9,0
1,23,4,2,24.4,350,4.2,0
3,2,4,0,40.8,125,1.5,0
3,8,1,2,19.0,476,5.8,0
2,2,3,1,36.2,204,2.5,0
3,1,4,2,37.3,354,4.3,0
4,11,2,2,35.3,307,3.7,0
5,9,6,2,22.6,384,4.6,0
1,8,5,0,41.2,369,4.5,0
3,14,3,1,20.1,248,3.0,0
2,7,1,3,16.6,199,2.4,0
4,4,3,3,36.5,203,2.5,0
7,10,0,1,29.3,506,6.1,0
5,1,0,1,40.5,144,1.7,0
5,23,4,1,26.5,109,1.3,0
1,14,4,0,20.0,123,1.5,0
5,5,2,3,40.1,124,1.5,0
3,7,6,1,31.5,188,2.3,0
2,4,5,0,20.7,85,1.0,0
5,15,3,3,36.6,138,1.7,0
5,17,0,2,30.3,559,6.8,0
7,5,4,0,33.1,156,1.9,0
7,4,5,3,28.8,190,2.3,0
6,15,3,0,39.9,235,2.8,0
4,12,4,3,39.9,167,2.0,0
3,4,4,3,36.3,218,2.6,0
5,12,0,2,18.2,232,2.8,0
0,16,0,0,40.2,177,2.1,0
5,17,4,1,35.1,423,5.1,0
2,7,1,2,35.9,286,3.5,0
6,12,4,2,25.9,270,3.3,0
4,18,5,3,41.4,298,3.6,0
0,2,4,1,36.8,122,1.5,0
6,23,2,0,18.4,174,2.1,0
1,7,6,1,27.2,105,1.3,0
4,1,2,1,41.6,192,2.3,0
5,7,2,1,16.4,157,1.9,0
5,12,1,1,43.8,191,2.3,0
4,12,1,1,35.4,222,2.7,0
5,0,4,3,33.9,186,2.2,0
3,5,2,3,23.1,279,3.4,0
4,23,1,2,22.5,271,3.3,0
6,18,0,3,43.3,356,4.3,0
4,15,4,2,23.9,232,2.8,0
0,7,5,2,38.3,262,3.2,0
5,0,6,0,26.8,192,2.3,0
3,15,3,1,19.2,237,2.9,0
3,8,4,3,15.3,541,6.5,0
1,12,3,0,31.3,252,3.0,0
6,10,2,3,44.3,468,5.7,0
7,12,6,2,26.1,235,2.8,0
7,20,3,3,25.7,341,4.1,0
4,9,2,1,25.3,439,5.3,0
1,3,0,2,30.6,302,3.7,0
2,5,3,2,28.2,202,2.4,0
4,6,6,0,41.4,120,1.5,0
1,4,4,1,30.2,192,2.3,0
6,10,2,2,30.2,425,5.1,0
6,12,4,1,19.2,280,3.4,0
6,18,6,3,44.5,431,5.2,0
6,22,1,1,22.5,176,2.1,0
6,9,2,2,17.2,533,6.4,0
1,9,3,0,34.9,474,5.7,0
1,10,2,2,32.9,529,6.4,0
3,20,4,1,27.5,570,6.9,0
0,6,0,1,27.7,253,3.1,0
7,17,2,2,38.6,510,6.2,0
5,3,3,1,20.9,286,3.5,0
6,1,1,3,39.6,172,2.1,0
2,13,5,2,34.5,229,2.8,0
5,12,0,0,27.6,228,2.8,0
1,11,1,2,28.7,345,4.2,0
2,6,2,3,22.7,151,1.8,0
2,1,4,3,37.6,245,3.0,0
2,12,6,3,30.4,131,1.6,0
3,13,4,3,24.6,258,3.1,0
1,16,3,3,32.9,176,2.1,0
2,8,4,0,44.9,505,6.1,0
6,16,0,1,28.1,232,2.8,0
4,7,4,3,42.6,170,2.1,0
2,1,3,3,25.4,130,1.6,0
3,23,5,2,16.6,161,1.9,0
5,12,2,0,21.1,164,2.0,0
1,2,6,0,27.6,144,1.7,0
0,15,2,1,21.6,140,1.7,0
3,5,4,0,15.0,173,2.1,0
2,18,1,2,42.5,508,6.1,0
1,6,2,2,40.3,352,4.3,0
4,9,5,1,37.3,279,3.4,0
2,8,4,2,20.0,489,5.9,0
3,1,6,3,18.6,92,1.1,0
7,14,3,3,17.0,133,1.6,0
6,4,5,2,36.7,231,2.8,0
0,21,4,1,42.9,151,1.8,0
5,3,5,0,27.9,88,1.1,0
3,19,2,1,18.6,487,5.9,0
1,3,6,0,30.4,78,0.9,0
0,17,3,2,25.5,696,8.4,1
0,3,4,2,26.2,358,4.3,0
0,16,0,3,33.6,270,3.3,0
2,11,3,0,36.6,142,1.7,0
6,21,0,1,18.3,185,2.2,0
2,16,5,2,16.1,183,2.2,0
1,9,1,1,44.8,446,5.4,0
2,21,3,3,22.0,203,2.5,0
7,0,5,0,16.6,178,2.2,0
6,21,0,0,20.7,199,2.4,0
6,23,2,2,16.2,336,4.1,0
1,17,2,0,26.8,586,7.1,1
5,17,1,2,39.1,616,7.4,1
7,13,3,3,25.2,181,2.2,0
3,14,3,0,28.3,216,2.6,0
2,11,3,2,35.3,288,3.5,0
4,3,5,1,30.3,140,1.7,0
2,2,6,2,40.8,242,2.9,0
0,19,6,0,41.0,440,5.3,0
2,11,1,3,15.3,160,1.9,0
3,6,3,0,38.3,232,2.8,0
2,10,5,0,28.8,266,3.2,0
7,0,2,2,44.7,307,3.7,0
7,5,0,1,29.5,218,2.6,0
6,14,5,0,44.6,133,1.6,0
1,14,6,1,37.6,102,1.2,0
5,18,6,2,22.5,524,6.3,0
4,10,2,1,31.2,500,6.0,0
0,22,2,2,44.8,267,3.2,0
2,1,0,3,40.7,241,2.9,0
2,13,2,1,17.9,217,2.6,0
3,1,1,1,36.2,236,2.9,0
1,3,0,3,25.4,234,2.8,0
7,16,2,1,15.2,232,2.8,0
4,2,4,3,27.1,176,2.1,0
6,12,5,0,22.0,183,2.2,0
7,8,2,2,39.6,496,6.0,0
0,6,1,3,25.1,244,3.0,0
1,14,3,1,39.8,100,1.2,0
0,22,2,3,15.0,112,1.4,0
5,10,6,1,24.2,368,4.4,0
6,19,6,0,22.2,445,5.4,0
5,1,6,3,22.0,86,1.0,0
3,14,3,0,17.0,226,2.7,0
0,13,6,2,20.6,254,3.1,0
3,19,4,1,31.7,555,6.7,0
2,21,2,1,23.7,196,2.4,0
5,10,6,0,27.5,404,4.9,0
1,2,0,2,26.3,324,3.9,0
0,16,3,3,41.3,123,1.5,0
4,11,4,3,42.2,151,1.8,0
6,23,0,1,29.8,224,2.7,0
7,20,0,0,24.9,588,7.1,1
1,14,0,0,18.2,226,2.7,0
1,15,0,3,43.6,185,2.2,0
3,4,2,2,16.8,405,4.9,0
5,19,6,2,23.9,473,5.7,0
0,5,5,3,23.9,138,1.7,0
0,18,2,3,24.6,582,7.0,0
2,4,2,0,19.9,213,2.6,0
2,2,4,2,38.5,263,3.2,0
6,0,4,3,18.7,199,2.4,0
3,5,6,3,34.0,77,0.9,0
1,14,5,1,18.7,84,1.0,0
0,1,4,3,17.1,237,2.9,0
4,2,6,3,42.3,187,2.3,0
3,16,6,2,20.7,167,2.0,0
6,23,1,0,39.6,149,1.8,0
6,11,5,2,31.3,185,2.2,0
3,17,4,0,17.3,518,6.3,0
6,14,5,1,43.7,160,1.9,0
3,11,2,3,22.4,136,1.6,0
7,15,2,1,40.8,211,2.6,0
3,7,5,0,20.1,154,1.9,0
5,13,1,2,40.6,368,4.4,0
3,16,1,2,15.4,283,3.4,0
6,20,5,1,30.4,411,5.0,0
0,7,4,0,38.1,183,2.2,0
5,14,3,1,43.0,182,2.2,0
6,13,1,1,42.3,115,1.4,0
2,17,0,3,39.6,492,5.9,0
2,19,2,1,41.6,555,6.7,0
0,6,5,3,21.0,168,2.0,0
0,2,0,3,23.5,132,1.6,0
5,11,5,2,23.7,228,2.8,0
7,20,6,3,26.3,428,5.2,0
0,23,2,3,26.8,192,2.3,0
2,2,2,2,31.3,268,3.2,0
3,19,1,1,19.8,494,6.0,0
6,13,1,0,35.7,120,1.5,0
2,14,0,0,20.0,114,1.4,0
2,13,6,0,24.3,111,1.3,0
7,6,5,1,30.1,142,1.7,0
5,16,6,3,38.9,63,0.8,0
5,11,2,0,37.2,217,2.6,0
1,19,0,1,34.4,364,4.4,0
7,3,3,3,19.7,138,1.7,0
3,8,0,2,31.4,599,7.2,1
5,5,4,0,17.6,184,2.2,0
6,15,0,3,26.3,160,1.9,0
0,21,6,0,27.4,100,1.2,0
7,21,4,0,16.2,192,2.3,0
0,20,4,0,23.2,465,5.6,0
2,20,4,3,43.7,457,5.5,0
6,1,3,1,43.6,262,3.2,0
6,23,0,3,25.6,183,2.2,0
2,7,6,0,16.3,59,0.7,0
7,10,0,3,20.4,458,5.5,0
2,12,3,2,26.8,265,3.2,0
0,16,2,1,43.4,151,1.8,0
1,7,1,3,19.2,169,2.0,0
6,20,6,2,37.9,423,5.1,0
4,17,6,1,18.3,389,4.7,0
4,17,0,2,44.4,594,7.2,1
0,13,1,1,26.4,178,2.2,0
3,14,5,3,38.3,197,2.4,0
5,5,5,2,25.3,264,3.2,0
2,10,3,0,33.8,410,5.0,0
2,12,5,2,20.8,229,2.8,0
3,0,6,1,19.4,83,1.0,0
3,5,5,3,43.1,173,2.1,0
0,8,2,1,42.5,543,6.6,0
0,7,2,2,41.6,312,3.8,0
3,10,2,2,33.8,554,6.7,0
6,21,5,0,39.2,110,1.3,0
0,18,3,3,17.1,383,4.6,0
1,23,4,3,25.0,179,2.2,0
0,8,4,2,24.4,556,6.7,0
2,16,1,3,34.1,225,2.7,0
0,11,4,0,25.7,148,1.8,0
6,13,4,1,19.5,271,3.3,0
3,14,2,3,32.9,208,2.5,0
2,15,2,2,39.4,227,2.7,0
0,21,5,1,26.5,77,0.9,0
6,21,1,1,19.0,148,1.8,0
1,19,0,0,20.9,462,5.6,0
0,0,6,2,22.1,305,3.7,0
6,9,1,3,24.0,499,6.0,0
1,7,1,2,34.3,362,4.4,0
3,17,3,1,33.0,533,6.4,0
0,0,5,2,35.9,288,3.5,0
1,1,3,3,25.9,282,3.4,0
2,0,1,3,39.7,261,3.2,0
3,0,1,0,21.1,125,1.5,0
2,8,1,3,29.1,427,5.2,0
4,12,4,3,39.0,185,2.2,0
7,0,6,2,20.4,176,2.1,0
0,12,6,2,18.3,284,3.4,0
1,19,3,1,41.5,561,6.8,0
7,21,1,0,25.3,156,1.9,0
7,6,6,2,35.5,234,2.8,0
1,1,2,3,15.8,90,1.1,0
3,5,6,1,35.7,57,0.7,0
0,6,5,2,24.5,270,3.3,0
4,13,5,0,16.7,108,1.3,0
2,17,6,0,33.3,372,4.5,0
6,14,2,1,22.2,262,3.2,0
2,1,5,1,26.6,69,0.8,0
6,9,4,1,17.4,413,5.0,0
2,22,6,1,19.4,179,2.2,0
1,11,4,1,23.9,147,1.8,0
4,16,6,3,17.7,178,2.2,0
0,7,0,3,42.3,275,3.3,0
6,10,0,2,15.2,635,7.7,1
0,2,0,0,29.5,143,1.7,0
0,5,5,3,18.7,171,2.1,0
0,8,4,3,24.2,327,4.0,0
5,5,4,3,42.8,268,3.2,0
3,8,4,2,19.9,477,5.8,0
2,6,2,1,44.0,132,1.6,0
0,8,4,2,21.2,379,4.6,0
2,17,2,0,37.2,536,6.5,0
0,11,0,0,31.4,177,2.1,0
6,7,0,0,41.5,160,1.9,0
3,7,5,0,31.6,119,1.4,0
3,17,6,3,31.0,461,5.6,0
1,19,0,3,20.9,575,7.0,0
5,14,6,2,20.0,177,2.1,0
1,6,6,1,42.5,155,1.9,0
1,10,5,0,24.8,360,4.4,0
1,19,1,2,26.2,456,5.5,0
1,15,1,3,37.8,202,2.4,0
1,3,3,3,25.2,138,1.7,0
4,5,5,1,43.6,190,2.3,0
3,21,3,1,37.1,139,1.7,0
1,2,3,1,32.9,159,1.9,0
0,8,1,2,41.4,436,5.3,0
3,9,5,3,16.5,376,4.5,0
3,13,1,3,22.7,150,1.8,0
7,10,3,1,29.0,498,6.0,0
4,17,5,0,21.8,514,6.2,0
1,21,3,1,37.3,273,3.3,0
2,11,4,2,42.6,307,3.7,0
6,22,6,1,27.7,188,2.3,0
5,11,5,1,25.3,166,2.0,0
0,12,5,2,43.8,144,1.7,0
2,12,6,1,28.3,69,0.8,0
4,18,3,3,29.7,601,7.3,1
6,18,4,0,25.5,416,5.0,0
4,22,2,1,42.3,220,2.7,0
0,13,6,2,32.1,159,1.9,0
3,3,1,0,37.9,221,2.7,0
6,12,3,2,39.4,334,4.0,0
3,7,6,0,25.3,159,1.9,0
0,22,6,0,28.0,164,2.0,0
2,20,5,1,40.5,330,4.0,0
0,22,1,3,25.9,170,2.1,0
2,18,1,1,38.8,453,5.5,0
6,11,1,2,43.2,298,3.6,0
6,17,6,2,33.7,494,6.0,0
1,5,2,0,37.2,191,2.3,0
4,17,0,0,39.2,653,7.9,1
1,18,3,3,40.4,491,5.9,0
4,21,0,1,26.9,257,3.1,0
1,4,6,2,16.5,176,2.1,0
3,23,0,0,27.1,190,2.3,0
6,8,6,3,35.2,316,3.8,0
2,2,0,2,28.5,267,3.2,0
4,9,1,0,37.5,518,6.3,0
0,18,4,2,25.7,663,8.0,1
4,2,1,3,34.0,248,3.0,0
2,21,1,3,20.6,181,2.2,0
1,14,5,2,37.5,157,1.9,0
4,0,5,1,31.4,138,1.7,0
5,6,0,2,21.1,216,2.6,0
3,11,6,0,23.8,75,0.9,0
6,16,1,1,37.5,150,1.8,0
2,20,0,0,29.5,470,5.7,0
6,23,5,2,21.5,120,1.5,0
5,19,4,1,44.0,547,6.6,0
4,4,3,0,36.5,292,3.5,0
4,3,0,2,43.7,235,2.8,0
0,11,4,2,27.8,288,3.5,0
5,19,3,1,29.3,526,6.4,0
2,23,2,2,41.9,232,2.8,0
0,17,0,3,30.8,585,7.1,1
3,16,0,0,36.2,161,1.9,0
0,18,2,0,22.6,458,5.5,0
7,8,2,2,28.4,575,7.0,0
2,3,0,2,18.7,309,3.7,0
7,20,2,3,21.2,459,5.6,0
5,1,1,1,15.0,176,2.1,0
1,3,3,2,16.2,318,3.8,0
7,1,3,2,44.3,314,3.8,0
3,14,3,2,22.3,293,3.5,0
0,1,1,2,34.9,315,3.8,0
1,3,6,0,40.2,124,1.5,0
0,5,2,2,31.5,154,1.9,0
7,6,4,0,19.6,153,1.9,0
0,9,2,2,36.8,688,8.3,1
5,18,0,1,33.0,390,4.7,0
1,18,5,3,36.9,507,6.1,0
5,21,3,1,38.1,201,2.4,0
7,11,2,2,44.3,253,3.1,0
5,2,4,2,32.2,222,2.7,0
3,12,0,2,25.2,217,2.6,0
7,17,1,1,34.5,379,4.6,0
7,7,6,2,17.1,167,2.0,0
7,20,1,1,41.9,430,5.2,0
2,14,4,0,18.6,167,2.0,0
0,0,0,3,24.8,208,2.5,0
2,2,3,3,39.5,262,3.2,0
2,7,2,1,32.9,137,1.7,0
3,3,0,0,26.8,106,1.3,0
1,15,6,1,29.2,185,2.2,0
0,22,1,0,40.6,143,1.7,0
5,9,6,2,25.2,523,6.3,0
4,11,6,0,41.1,194,2.3,0
7,13,4,0,17.6,233,2.8,0
5,13,4,0,38.3,156,1.9,0
7,1,2,3,40.4,213,2.6,0
3,22,4,0,20.5,228,2.8,0
7,4,4,2,27.9,387,4.7,0
2,4,0,2,20.0,171,2.1,0
0,5,3,2,36.2,272,3.3,0
4,12,2,0,31.1,183,2.2,0
6,8,0,1,34.1,476,5.8,0
7,21,3,1,20.9,242,2.9,0
5,14,6,2,21.4,189,2.3,0
2,13,0,3,16.2,186,2.2,0
6,23,5,1,24.7,96,1.2,0
4,6,0,0,31.8,199,2.4,0
6,19,4,1,40.7,444,5.4,0
2,1,3,2,35.0,333,4.0,0
0,6,2,3,28.1,214,2.6,0
0,5,2,1,43.6,194,2.3,0
1,16,3,1,36.6,284,3.4,0
0,1,4,2,42.9,351,4.2,0
1,2,1,3,30.8,166,2.0,0
6,4,0,3,22.8,153,1.9,0
3,4,4,2,16.6,240,2.9,0
5,0,5,0,36.8,122,1.5,0
5,7,6,1,18.6,126,1.5,0
6,11,3,0,24.1,140,1.7,0
7,23,0,1,31.0,183,2.2,0
7,3,2,1,31.9,251,3.0,0
0,12,6,0,33.0,126,1.5,0
5,22,1,2,20.0,187,2.3,0
5,14,5,2,26.4,214,2.6,0
1,10,2,1,33.5,308,3.7,0
3,9,3,2,44.1,503,6.1,0
2,2,0,1,36.8,201,2.4,0
7,21,3,2,42.7,299,3.6,0
5,13,6,1,37.9,126,1.5,0
1,15,0,2,32.8,246,3.0,0
4,9,4,3,20.8,429,5.2,0
1,9,1,0,35.0,294,3.6,0
7,11,4,3,33.7,228,2.8,0
7,8,4,0,33.1,495,6.0,0
1,0,3,0,29.7,290,3.5,0
2,4,6,1,30.9,174,2.1,0
6,19,1,0,25.0,477,5.8,0
7,7,0,3,30.6,216,2.6,0
1,10,0,3,20.9,597,7.2,1
5,11,5,2,39.2,266,3.2,0
1,0,2,3,20.6,173,2.1,0
3,21,5,2,17.5,255,3.1,0
6,19,5,0,28.1,561,6.8,0
4,10,0,3,34.7,534,6.5,0
2,4,3,0,28.1,223,2.7,0
0,14,4,3,23.3,278,3.4,0
4,4,6,3,31.7,92,1.1,0
6,11,4,2,25.4,197,2.4,0
6,4,4,0,43.0,135,1.6,0
6,16,1,3,42.7,222,2.7,0
4,16,0,1,30.1,133,1.6,0
5,23,6,0,24.8,133,1.6,0
6,11,3,0,37.1,106,1.3,0
1,23,1,0,16.1,167,2.0,0
4,14,2,2,29.2,283,3.4,0
0,14,3,1,25.1,153,1.9,0
6,5,5,0,42.6,98,1.2,0
1,11,3,3,15.4,170,2.1,0
5,19,3,3,31.6,508,6.1,0
3,17,4,2,37.2,505,6.1,0
5,13,3,3,29.6,157,1.9,0
0,1,5,0,17.6,64,0.8,0
6,8,5,3,44.2,363,4.4,0
0,4,0,0,30.5,198,2.4,0
4,19,3,3,33.4,484,5.9,0
7,0,4,1,22.1,220,2.7,0
6,22,3,2,29.5,254,3.1,0
7,2,2,2,27.9,277,3.3,0
1,5,2,1,17.2,133,1.6,0
3,4,4,1,18.2,130,1.6,0
2,20,0,2,40.1,442,5.3,0
0,4,0,1,22.2,164,2.0,0
5,0,5,0,20.8,101,1.2,0
3,16,5,3,30.1,137,1.7,0
6,18,1,2,38.1,582,7.0,0
7,13,4,1,16.9,182,2.2,0
5,11,3,0,32.3,157,1.9,0
7,9,6,2,18.6,582,7.0,0
4,19,4,1,16.1,379,4.6,0
7,20,1,2,16.6,597,7.2,1
4,17,5,1,40.0,428,5.2,0
1,23,4,2,18.5,183,2.2,0
5,10,4,0,16.4,411,5.0,0
5,1,5,0,28.1,122,1.5,0
2,17,1,3,40.3,465,5.6,0
6,6,5,2,22.9,173,2.1,0
4,23,0,3,27.7,196,2.4,0
2,14,3,2,16.2,372,4.5,0
7,10,5,1,28.5,391,4.7,0
7,17,1,1,32.3,446,5.4,0
2,22,2,3,32.1,188,2.3,0
5,11,0,2,25.0,209,2.5,0
7,5,2,3,24.5,154,1.9,0
0,19,6,0,18.2,526,6.4,0
1,22,5,3,26.0,110,1.3,0
1,12,0,3,18.0,116,1.4,0
0,19,3,1,38.0,564,6.8,0
2,15,5,3,44.0,180,2.2,0
0,17,3,2,44.1,562,6.8,0
4,9,4,1,41.0,367,4.4,0
4,22,2,3,33.0,130,1.6,0
2,7,0,0,36.0,141,1.7,0
0,17,3,3,23.6,539,6.5,0
4,20,1,3,33.9,434,5.2,0
5,0,3,3,28.7,148,1.8,0
0,22,1,1,29.5,98,1.2,0
5,7,5,2,37.7,243,2.9,0
4,5,0,0,23.5,206,2.5,0
1,4,3,3,24.5,154,1.9,0
4,14,6,2,42.7,248,3.0,0
5,21,3,2,16.7,291,3.5,0
3,14,6,1,29.6,162,2.0,0
6,1,0,0,42.4,216,2.6,0
7,0,3,1,33.3,218,2.6,0
0,22,1,2,31.4,334,4.0,0
3,22,3,2,22.5,224,2.7,0
4,10,2,2,25.3,530,6.4,0
1,9,5,1,40.6,452,5.5,0
2,17,4,0,31.8,489,5.9,0
4,17,1,3,30.4,573,6.9,0
1,16,2,1,18.0,186,2.2,0
6,7,6,2,15.5,236,2.9,0
4,14,5,1,43.9,125,1.5,0
5,7,0,2,26.3,185,2.2,0
2,16,1,3,33.1,264,3.2,0
1,11,4,3,17.4,207,2.5,0
1,7,5,0,35.5,171,2.1,0
1,13,6,2,43.0,232,2.8,0
6,3,4,0,32.3,212,2.6,0
4,0,0,0,18.8,149,1.8,0
6,0,0,3,32.5,118,1.4,0
0,18,6,1,38.0,465,5.6,0
7,15,1,1,27.2,123,1.5,0
7,13,6,0,41.4,62,0.7,0
0,20,3,3,34.5,472,5.7,0
4,15,0,2,42.0,262,3.2,0
5,4,5,1,33.7,101,1.2,0
6,8,3,0,18.9,447,5.4,0
2,1,2,1,24.3,226,2.7,0
1,17,4,1,21.1,514,6.2,0
1,5,3,2,42.3,252,3.0,0
4,8,4,3,37.8,464,5.6,0
5,0,6,2,35.3,274,3.3,0
7,8,3,3,24.0,303,3.7,0
7,15,6,1,20.5,158,1.9,0
1,12,2,0,37.7,166,2.0,0
4,8,0,2,29.2,698,8.4,1
6,20,2,3,21.8,459,5.6,0
7,12,0,1,33.5,196,2.4,0
6,8,6,3,16.2,330,4.0,0
5,10,0,3,24.8,497,6.0,0
7,3,4,3,29.1,259,3.1,0
7,1,5,1,19.4,158,1.9,0
3,5,2,0,44.5,207,2.5,0
7,13,3,0,21.3,275,3.3,0
0,3,2,0,18.9,293,3.5,0
2,5,4,3,21.1,242,2.9,0
0,18,0,1,38.1,535,6.5,0
4,5,4,3,27.8,210,2.5,0
4,1,1,0,32.0,136,1.6,0
6,17,1,0,15.6,395,4.8,0
0,12,3,1,16.0,260,3.1,0
0,8,4,3,28.4,293,3.5,0
0,22,6,2,39.5,192,2.3,0
5,18,3,2,41.6,568,6.9,0
7,12,6,0,17.6,175,2.1,0
2,10,3,1,31.2,335,4.1,0
6,0,1,3,42.4,229,2.8,0
0,23,3,3,26.6,203,2.5,0
0,21,1,0,39.9,260,3.1,0
3,6,0,0,19.0,186,2.2,0
6,20,6,3,43.1,303,3.7,0
0,14,4,3,37.5,101,1.2,0
6,0,3,0,43.2,120,1.5,0
7,11,1,3,35.3,157,1.9,0
3,6,2,2,25.9,355,4.3,0
6,14,6,0,43.1,182,2.2,0
2,20,3,3,23.3,600,7.3,1
2,18,5,0,25.0,552,6.7,0
4,0,0,1,36.0,139,1.7,0
3,16,0,0,38.0,98,1.2,0
3,16,2,0,42.9,197,2.4,0
4,2,1,1,21.1,197,2.4,0
6,11,3,2,38.9,328,4.0,0
3,5,6,3,37.2,82,1.0,0
2,10,1,1,16.9,469,5.7,0
2,2,0,0,26.6,116,1.4,0
0,7,1,3,23.5,132,1.6,0
7,13,0,1,24.1,224,2.7,0
3,13,1,3,44.5,230,2.8,0
6,9,2,3,34.3,449,5.4,0
4,1,4,1,36.5,227,2.7,0
4,13,2,3,44.3,137,1.7,0
6,8,2,2,26.3,442,5.3,0
5,2,4,1,39.1,273,3.3,0
1,20,4,2,28.0,715,8.6,1
7,7,3,0,41.1,166,2.0,0
4,15,6,3,20.4,179,2.2,0
3,1,6,0,43.4,76,0.9,0
7,5,3,0,21.6,218,2.6,0
3,20,2,3,24.8,440,5.3,0
5,11,2,1,37.7,153,1.9,0
2,4,0,3,26.8,171,2.1,0
7,1,0,0,33.2,153,1.9,0
0,15,6,0,28.3,191,2.3,0
4,4,3,1,37.3,245,3.0,0
7,14,5,3,21.8,155,1.9,0
7,11,5,0,16.8,142,1.7,0
7,3,3,2,24.0,230,2.8,0
1,14,0,0,29.2,184,2.2,0
7,10,6,0,20.0,376,4.5,0
3,15,6,1,25.6,112,1.4,0
2,22,0,2,27.0,364,4.4,0
5,5,5,0,16.7,139,1.7,0
6,13,1,0,32.5,192,2.3,0
7,17,1,2,41.5,657,7.9,1
4,11,0,3,19.6,223,2.7,0
7,10,1,3,32.9,334,4.0,0
4,12,4,0,34.9,207,2.5,0
3,20,3,0,27.6,676,8.2,1
4,22,3,3,36.0,236,2.9,0
0,10,0,1,27.3,430,5.2,0
6,22,2,2,30.1,313,3.8,0
2,15,5,2,15.2,112,1.4,0
4,14,0,1,35.8,162,2.0,0
4,20,1,1,34.8,378,4.6,0
2,14,5,1,16.2,101,1.2,0
6,3,2,1,26.0,262,3.2,0
7,10,1,1,44.4,432,5.2,0
4,18,6,1,27.6,457,5.5,0
2,14,4,2,30.1,166,2.0,0
0,3,1,1,42.3,176,2.1,0
0,20,4,3,36.5,643,7.8,1
3,12,5,1,32.5,112,1.4,0
2,21,4,1,38.9,159,1.9,0
3,18,5,2,40.9,520,6.3,0
0,1,5,2,28.7,259,3.1,0
6,13,5,1,29.3,102,1.2,0
7,3,5,2,26.6,315,3.8,0
2,15,5,0,44.0,123,1.5,0
5,20,1,2,35.9,552,6.7,0
0,19,5,2,17.5,530,6.4,0
0,13,1,2,40.9,334,4.0,0
5,14,5,2,29.4,130,1.6,0
1,2,4,3,17.1,266,3.2,0
0,7,6,3,31.5,107,1.3,0
4,15,5,3,27.5,154,1.9,0
6,9,2,1,41.3,453,5.5,0
2,3,5,1,21.1,59,0.7,0
5,17,5,0,39.8,419,5.1,0
4,1,4,3,31.7,166,2.0,0
5,16,3,1,16.6,252,3.0,0
2,12,4,2,44.2,255,3.1,0
3,3,2,2,30.4,210,2.5,0
2,10,3,3,23.7,489,5.9,0
1,6,0,0,29.1,237,2.9,0
2,11,0,0,40.7,194,2.3,0
2,9,2,2,24.1,592,7.2,1
1,6,4,0,20.8,168,2.0,0
6,12,1,3,18.9,223,2.7,0
0,6,2,2,23.9,293,3.5,0
2,23,6,1,38.4,174,2.1,0
1,16,3,1,29.1,212,2.6,0
4,9,3,0,21.8,357,4.3,0
3,9,5,2,20.0,411,5.0,0
3,23,0,2,25.0,285,3.4,0
2,3,3,1,43.2,147,1.8,0
6,19,2,2,25.3,516,6.2,0
6,3,3,2,44.6,251,3.0,0
4,21,2,2,29.6,306,3.7,0
2,6,1,0,20.4,200,2.4,0
3,21,5,2,41.7,239,2.9,0
6,0,0,3,28.8,199,2.4,0
2,11,3,0,36.3,234,2.8,0
5,23,2,2,44.5,238,2.9,0
6,12,4,2,16.5,254,3.1,0
1,9,0,3,17.9,423,5.1,0
5,14,1,0,36.6,229,2.8,0
0,12,2,1,23.5,149,1.8,0
6,22,6,1,20.5,135,1.6,0
3,21,6,0,16.2,106,1.3,0
7,21,5,2,15.7,271,3.3,0
5,20,5,2,38.2,562,6.8,0
0,21,1,1,19.0,149,1.8,0
4,8,1,1,29.0,463,5.6,0
4,8,5,1,33.2,370,4.5,0
3,14,3,3,27.9,99,1.2,0
6,9,3,1,15.8,417,5.0,0
2,23,2,3,38.5,125,1.5,0
6,9,4,0,15.3,309,3.7,0
3,7,2,2,37.9,258,3.1,0
4,23,4,1,41.8,236,2.9,0
6,15,1,2,28.0,220,2.7,0
4,16,0,2,31.1,341,4.1,0
5,4,2,1,29.3,102,1.2,0
0,3,2,1,26.7,237,2.9,0
2,17,4,0,41.6,607,7.3,1
5,23,1,3,41.8,155,1.9,0
4,18,1,3,25.1,549,6.6,0
4,3,6,2,33.5,230,2.8,0
7,6,4,1,42.8,117,1.4,0
7,9,1,0,43.9,542,6.6,0
5,17,5,0,30.3,447,5.4,0
1,18,3,0,28.6,508,6.1,0
5,3,6,0,23.4,127,1.5,0
7,9,5,0,43.8,358,4.3,0
4,0,0,3,19.3,256,3.1,0
3,22,2,3,32.4,257,3.1,0
5,17,6,3,23.5,334,4.0,0
4,4,0,1,23.4,269,3.3,0
3,14,2,2,27.1,310,3.7,0
3,16,3,0,45.0,233,2.8,0
7,2,1,1,16.6,180,2.2,0
5,11,5,0,32.4,75,0.9,0
6,1,4,3,17.5,193,2.3,0
2,0,5,1,19.6,174,2.1,0
7,22,3,3,28.2,199,2.4,0
7,20,0,0,30.3,621,7.5,1
6,16,4,0,22.8,134,1.6,0
2,21,1,2,24.5,214,2.6,0
4,15,3,0,17.6,198,2.4,0
1,4,4,3,24.1,229,2.8,0
5,14,3,0,44.0,122,1.5,0
1,2,3,2,43.3,199,2.4,0
4,6,1,2,25.0,311,3.8,0
0,10,6,3,32.1,339,4.1,0
7,9,2,1,42.3,377,4.6,0
2,8,4,0,15.2,621,7.5,1
7,13,1,2,39.3,356,4.3,0
3,12,3,0,43.5,159,1.9,0
7,1,1,0,17.7,124,1.5,0
7,2,6,1,19.8,169,2.0,0
4,6,2,2,43.8,266,3.2,0
4,20,5,0,31.1,413,5.0,0
4,17,4,2,15.4,480,5.8,0
1,2,2,3,22.7,175,2.1,0
3,9,0,3,28.5,320,3.9,0
0,21,4,0,35.8,152,1.8,0
0,6,2,2,37.0,263,3.2,0
4,8,3,0,44.9,385,4.7,0
2,16,4,2,23.6,284,3.4,0
1,10,4,2,31.1,421,5.1,0
6,6,1,1,31.0,234,2.8,0
2,23,3,1,27.2,151,1.8,0
5,13,0,1,20.1,172,2.1,0
5,18,5,0,44.3,304,3.7,0
2,3,6,1,40.6,148,1.8,0
4,5,2,1,29.9,161,1.9,0
6,9,1,3,33.1,490,5.9,0
6,6,2,2,21.8,334,4.0,0
1,12,0,2,31.3,192,2.3,0
6,13,0,1,35.8,194,2.3,0
5,3,4,2,30.5,375,4.5,0
3,7,6,3,44.7,90,1.1,0
4,4,0,3,33.3,154,1.9,0
6,0,2,1,26.1,153,1.9,0
1,3,3,3,38.2,145,1.8,0
5,2,3,2,20.1,216,2.6,0
3,8,4,0,26.5,409,4.9,0
7,7,5,2,25.4,263,3.2,0
7,0,2,0,28.0,154,1.9,0
3,5,2,1,38.5,215,2.6,0
5,8,0,0,29.5,498,6.0,0
1,6,6,3,38.8,151,1.8,0
3,3,2,2,32.3,311,3.8,0
4,12,1,0,25.3,204,2.5,0
4,16,5,2,39.3,211,2.6,0
7,1,0,1,22.1,140,1.7,0
6,4,1,1,21.7,254,3.1,0
1,11,4,3,30.1,163,2.0,0
7,20,3,1,22.8,530,6.4,0
6,7,4,0,15.3,163,2.0,0
6,5,3,1,34.4,235,2.8,0
0,7,4,3,30.3,172,2.1,0
4,17,2,2,28.4,507,6.1,0
5,2,1,2,44.0,197,2.4,0
2,21,3,1,32.1,212,2.6,0
5,11,0,0,40.9,168,2.0,0
2,2,1,3,19.2,195,2.4,0
3,21,0,0,32.1,158,1.9,0
4,5,1,3,41.0,108,1.3,0
6,1,1,1,32.5,196,2.4,0
1,22,4,3,36.5,169,2.0,0
2,11,3,3,26.2,189,2.3,0
5,1,3,1,17.8,214,2.6,0
6,5,6,0,28.7,62,0.7,0
2,16,1,1,26.8,270,3.3,0
2,2,2,3,41.0,216,2.6,0
0,1,2,1,22.3,239,2.9,0
2,22,0,3,44.0,204,2.5,0
1,19,0,1,43.7,529,6.4,0
4,7,4,2,22.4,269,3.3,0
1,21,1,2,25.4,220,2.7,0
7,11,0,1,41.9,167,2.0,0
6,3,0,0,44.0,142,1.7,0
4,4,5,3,28.3,162,2.0,0
0,12,1,2,24.6,237,2.9,0
4,14,4,0,30.8,106,1.3,0
4,22,0,3,35.6,146,1.8,0
5,15,4,2,23.2,306,3.7,0
4,9,3,2,37.1,473,5.7,0
0,22,4,1,16.5,235,2.8,0
1,15,2,3,16.5,119,1.4,0
4,11,2,0,26.6,172,2.1,0
3,16,4,0,25.6,145,1.8,0
6,15,2,0,24.5,203,2.5,0
4,11,3,3,29.7,213,2.6,0
6,7,1,0,24.6,264,3.2,0
3,19,2,0,20.8,393,4.8,0
3,2,2,0,24.3,230,2.8,0
6,15,4,1,44.2,110,1.3,0
2,12,3,1,27.3,147,1.8,0
7,22,6,3,28.3,113,1.4,0
5,18,6,3,32.3,390,4.7,0
2,7,6,0,44.5,163,2.0,0
2,21,6,1,22.2,73,0.9,0
1,4,1,2,35.4,289,3.5,0
5,19,4,2,36.5,567,6.9,0
5,7,4,0,33.2,166,2.0,0
2,23,5,0,17.7,169,2.0,0
4,11,3,1,35.3,98,1.2,0
1,0,6,1,16.9,50,0.6,0
1,20,1,1,32.9,376,4.5,0
3,19,3,3,37.2,587,7.1,1
0,5,6,3,21.3,188,2.3,0
5,21,1,0,40.2,214,2.6,0
2,17,3,3,15.9,566,6.8,0
3,7,4,1,40.3,164,2.0,0
6,6,4,1,28.8,141,1.7,0
7,0,0,3,21.5,240,2.9,0
0,20,2,2,19.0,539,6.5,0
0,15,6,0,43.6,190,2.3,0
0,11,5,2,17.2,187,2.3,0
1,5,3,0,21.0,226,2.7,0
6,19,5,2,25.4,416,5.0,0
0,1,0,3,33.6,252,3.0,0
6,13,2,0,31.3,243,2.9,0
4,3,3,0,18.8,201,2.4,0
0,0,1,0,23.7,133,1.6,0
7,22,6,1,22.2,86,1.0,0
6,17,2,1,21.4,455,5.5,0
6,12,4,2,27.3,363,4.4,0
7,1,0,3,36.1,241,2.9,0
0,8,2,1,21.5,459,5.6,0
7,20,6,0,26.0,362,4.4,0
6,1,2,1,26.7,185,2.2,0
7,8,6,3,44.3,310,3.7,0
6,0,4,1,43.6,158,1.9,0
6,10,3,0,39.0,493,6.0,0
4,2,1,2,22.2,267,3.2,0
2,19,4,0,17.0,561,6.8,0
6,22,1,3,24.5,207,2.5,0
0,3,3,2,23.0,341,4.1,0
3,17,2,1,30.2,371,4.5,0
1,22,1,1,38.3,212,2.6,0
5,5,0,1,40.7,160,1.9,0
2,2,0,2,40.3,285,3.4,0
2,21,6,0,25.8,74,0.9,0
2,10,4,2,35.6,522,6.3,0
4,14,3,2,24.4,286,3.5,0
6,21,6,3,16.8,176,2.1,0
4,4,4,2,36.0,290,3.5,0
6,19,4,1,15.3,514,6.2,0
0,9,6,0,27.3,258,3.1,0
4,11,5,0,24.9,121,1.5,0
4,14,4,0,35.8,188,2.3,0
1,16,5,1,38.0,114,1.4,0
3,9,0,1,24.1,396,4.8,0
4,5,0,1,39.3,184,2.2,0
1,17,4,1,23.8,626,7.6,1
7,12,0,1,28.4,182,2.2,0
3,2,3,2,36.8,246,3.0,0
0,23,5,1,35.8,50,0.6,0
4,9,5,1,44.6,377,4.6,0
5,13,4,1,21.8,177,2.1,0
2,5,0,1,34.9,290,3.5,0
7,2,1,0,33.3,205,2.5,0
7,15,6,1,42.5,51,0.6,0
0,6,6,2,19.7,191,2.3,0
1,19,5,2,37.6,614,7.4,1
7,13,4,2,32.0,358,4.3,0
3,8,4,3,23.2,345,4.2,0
4,14,3,0,29.2,138,1.7,0
4,20,2,1,25.0,466,5.6,0
5,2,2,3,32.4,215,2.6,0
0,1,5,1,41.7,197,2.4,0
2,1,6,3,32.1,180,2.2,0
1,2,3,3,34.0,131,1.6,0
2,17,3,2,30.6,477,5.8,0
7,13,3,2,16.5,236,2.9,0
0,19,5,3,22.0,457,5.5,0
5,17,2,2,29.8,574,6.9,0
2,9,6,3,24.3,325,3.9,0
3,1,3,0,20.5,171,2.1,0
4,21,6,2,30.1,252,3.0,0
7,0,0,2,24.7,336,4.1,0
5,3,4,2,22.7,252,3.0,0
2,13,4,0,28.9,267,3.2,0
1,0,6,3,19.0,167,2.0,0
3,13,1,1,42.8,211,2.6,0
3,15,1,2,41.0,315,3.8,0
2,21,5,3,36.2,114,1.4,0
4,13,5,0,18.2,137,1.7,0
2,19,4,1,38.3,585,7.1,1
7,2,0,2,39.2,302,3.7,0
2,2,2,0,38.0,261,3.2,0
3,8,2,0,18.4,495,6.0,0
5,5,5,1,34.3,110,1.3,0
2,12,0,3,40.0,127,1.5,0
4,20,5,2,32.3,551,6.7,0
0,1,2,2,34.4,240,2.9,0
5,7,6,3,28.8,76,0.9,0
1,20,5,3,30.9,347,4.2,0
6,1,3,3,16.0,191,2.3,0
2,3,6,1,34.2,80,1.0,0
4,14,5,1,17.4,61,0.7,0
5,3,4,2,28.1,224,2.7,0
4,12,5,1,23.8,81,1.0,0
1,11,4,0,31.4,174,2.1,0
3,12,0,2,19.0,307,3.7,0
4,13,2,1,35.7,196,2.4,0
5,19,6,3,38.9,436,5.3,0
4,17,6,0,19.9,562,6.8,0
4,5,1,3,18.1,91,1.1,0
4,10,1,2,19.4,489,5.9,0
7,1,2,3,41.3,257,3.1,0
7,22,1,1,30.8,150,1.8,0
3,18,6,1,29.0,437,5.3,0
2,18,5,2,18.2,564,6.8,0
4,4,0,3,34.5,276,3.3,0
1,18,0,2,41.0,555,6.7,0
2,1,2,3,39.8,213,2.6,0
1,9,1,0,33.8,544,6.6,0
2,1,5,1,17.3,199,2.4,0
3,10,0,2,18.4,537,6.5,0
4,17,0,0,16.5,384,4.6,0
4,23,3,0,22.7,209,2.5,0
6,14,3,2,19.1,333,4.0,0
1,8,6,2,22.8,377,4.6,0
2,22,0,0,26.6,180,2.2,0
2,18,2,3,43.3,409,4.9,0
0,8,4,0,33.3,416,5.0,0
0,2,4,2,40.0,252,3.0,0
7,20,5,0,36.3,463,5.6,0
6,8,0,3,18.4,519,6.3,0
5,13,0,1,37.1,224,2.7,0
0,18,6,1,23.3,484,5.9,0
5,6,0,0,34.2,230,2.8,0
7,15,2,3,25.2,242,2.9,0
7,15,3,1,44.9,164,2.0,0
7,0,0,0,22.9,278,3.4,0
1,3,0,0,23.4,255,3.1,0
1,3,6,3,42.9,107,1.3,0
3,6,1,2,15.7,295,3.6,0
3,7,6,0,35.9,149,1.8,0
7,16,6,2,36.8,176,2.1,0
6,4,2,2,40.1,305,3.7,0
2,6,5,1,44.2,134,1.6,0
1,19,0,2,44.3,512,6.2,0
6,19,6,3,17.0,504,6.1,0
4,3,6,1,39.7,172,2.1,0
1,5,1,1,34.4,101,1.2,0
1,6,6,1,34.4,155,1.9,0
3,17,4,0,18.9,611,7.4,1
2,4,5,0,34.5,121,1.5,0
2,19,0,2,44.5,661,8.0,1
0,2,0,1,42.4,161,1.9,0
5,6,1,1,28.2,199,2.4,0
5,21,2,3,16.2,284,3.4,0
5,13,0,2,25.9,291,3.5,0
5,6,4,3,39.8,100,1.2,0
4,4,0,2,36.0,346,4.2,0
4,21,4,2,28.8,282,3.4,0
1,4,5,0,16.7,153,1.9,0
7,22,5,0,27.8,135,1.6,0
3,1,3,3,29.1,215,2.6,0
3,20,3,2,42.9,624,7.5,1
5,21,4,1,34.2,230,2.8,0
1,5,2,0,24.3,124,1.5,0
0,14,0,1,30.8,125,1.5,0
6,20,6,3,17.0,433,5.2,0
7,9,0,0,44.2,363,4.4,0
1,22,3,0,25.8,107,1.3,0
7,23,6,2,29.3,297,3.6,0
7,6,4,3,25.7,260,3.1,0
7,4,6,2,35.5,298,3.6,0
1,0,0,0,34.9,139,1.7,0
5,12,0,3,36.5,214,2.6,0
3,20,2,0,23.0,430,5.2,0
3,17,1,3,24.5,637,7.7,1
5,12,6,0,18.8,68,0.8,0
7,20,3,1,34.7,433,5.2,0
6,20,3,1,16.2,648,7.8,1
2,17,1,2,32.9,767,9.3,1
1,4,0,1,41.1,228,2.8,0
2,12,2,0,41.7,145,1.8,0
0,3,2,0,28.5,209,2.5,0
5,16,3,1,28.8,188,2.3,0
6,2,2,2,17.3,311,3.8,0
1,16,5,1,35.1,144,1.7,0
5,10,1,3,39.6,314,3.8,0
7,20,0,3,22.3,492,5.9,0
3,19,5,3,27.6,421,5.1,0
2,22,1,1,40.2,220,2.7,0
4,20,4,1,41.3,421,5.1,0
4,3,6,1,22.3,52,0.6,0
6,1,3,3,31.5,202,2.4,0
7,19,2,2,20.8,647,7.8,1
0,15,4,0,18.1,229,2.8,0
2,17,2,1,42.3,399,4.8,0
7,7,5,2,39.6,234,2.8,0
2,2,0,0,37.8,153,1.9,0
6,8,0,0,16.5,358,4.3,0
6,19,0,0,40.3,517,6.3,0
0,5,2,2,28.1,250,3.0,0
4,9,4,2,25.3,386,4.7,0
7,20,0,3,31.4,502,6.1,0
1,9,4,2,17.7,512,6.2,0
4,12,2,2,37.7,336,4.1,0
7,16,5,2,32.5,239,2.9,0
4,8,4,0,20.6,454,5.5,0
1,16,5,1,20.6,113,1.4,0
3,23,2,3,20.5,181,2.2,0
3,8,2,1,16.7,381,4.6,0
0,8,3,1,32.6,355,4.3,0
3,0,2,2,40.2,334,4.0,0
3,1,2,3,15.5,179,2.2,0
5,15,1,1,16.5,86,1.0,0
2,0,0,1,32.2,208,2.5,0
5,9,3,3,39.6,375,4.5,0
5,17,6,2,24.8,577,7.0,0
0,7,3,1,25.5,191,2.3,0
5,20,3,0,32.9,345,4.2,0
3,10,6,1,23.2,302,3.7,0
1,22,1,0,15.8,252,3.0,0
0,1,5,2,37.1,210,2.5,0
0,7,2,1,33.8,170,2.1,0
6,21,0,3,32.4,164,2.0,0
0,7,4,3,37.3,144,1.7,0
6,16,6,1,35.3,180,2.2,0
0,14,5,2,21.2,256,3.1,0
2,16,6,2,25.6,199,2.4,0
3,22,2,3,18.8,141,1.7,0
0,23,1,1,18.9,229,2.8,0
3,12,6,2,35.3,277,3.3,0
3,18,2,3,40.8,514,6.2,0
4,4,2,0,43.9,206,2.5,0
0,11,1,1,33.9,236,2.9,0
7,0,3,0,20.5,116,1.4,0
4,22,3,0,18.2,267,3.2,0
7,4,0,2,39.4,365,4.4,0
3,7,0,2,32.4,353,4.3,0
3,12,3,2,33.5,236,2.9,0
4,7,5,1,38.4,75,0.9,0
4,22,4,0,36.1,132,1.6,0
7,10,2,1,40.0,486,5.9,0
6,0,4,2,16.7,298,3.6,0
7,12,2,0,37.4,201,2.4,0
4,18,3,1,40.5,325,3.9,0
1,23,0,1,23.6,121,1.5,0
4,2,5,3,34.2,109,1.3,0
1,23,0,1,24.4,187,2.3,0
2,16,4,2,43.7,440,5.3,0
4,4,0,1,16.0,145,1.8,0
2,19,3,0,32.4,412,5.0,0
6,20,5,1,20.0,548,6.6,0
7,7,4,3,36.4,265,3.2,0
1,13,5,0,20.3,191,2.3,0
7,3,2,0,22.1,188,2.3,0
2,10,0,3,29.8,617,7.5,1
1,19,5,2,42.4,583,7.0,0
7,14,1,0,21.4,200,2.4,0
4,18,0,2,19.3,827,10.0,1
3,6,2,0,37.8,202,2.4,0
2,18,5,0,30.0,343,4.1,0
7,18,4,2,42.4,526,6.4,0
2,10,2,0,19.4,382,4.6,0
5,4,1,2,34.4,337,4.1,0
2,4,5,3,22.0,129,1.6,0
1,21,6,2,19.7,148,1.8,0
5,7,6,3,35.5,161,1.9,0
0,9,3,0,32.8,462,5.6,0
1,5,0,2,37.6,346,4.2,0
3,14,4,0,24.3,165,2.0,0
5,15,3,2,28.4,322,3.9,0
0,16,5,3,27.2,123,1.5,0
4,7,6,3,44.5,90,1.1,0
2,7,6,2,23.8,219,2.6,0
7,8,6,3,23.8,400,4.8,0
6,1,5,0,25.6,163,2.0,0
2,14,6,0,31.9,101,1.2,0
0,17,2,1,22.6,416,5.0,0
2,2,5,3,42.5,158,1.9,0
3,16,4,0,23.0,259,3.1,0
4,3,3,2,41.9,354,4.3,0
6,3,4,3,18.1,242,2.9,0
5,13,1,0,34.7,168,2.0,0
5,8,6,3,42.2,380,4.6,0
5,8,1,2,20.1,483,5.8,0
0,22,0,0,44.0,174,2.1,0
1,17,0,1,28.6,504,6.1,0
1,9,1,1,43.4,454,5.5,0
7,20,5,3,35.3,394,4.8,0
6,3,4,2,24.0,298,3.6,0
5,11,1,0,20.6,92,1.1,0
1,7,0,2,24.1,313,3.8,0
0,1,1,0,17.8,228,2.8,0
7,21,5,3,19.3,174,2.1,0
4,12,1,0,18.1,233,2.8,0
7,20,4,2,27.7,588,7.1,1
1,15,3,2,38.9,301,3.6,0
3,1,5,3,19.2,171,2.1,0
0,10,0,2,18.9,365,4.4,0
3,9,4,0,34.3,433,5.2,0
5,14,1,3,20.9,129,1.6,0
3,16,1,0,17.9,170,2.1,0
5,7,3,2,20.0,222,2.7,0
5,17,0,3,42.7,385,4.7,0
1,22,0,0,39.6,164,2.0,0
3,8,2,2,25.6,388,4.7,0
5,7,0,2,34.7,394,4.8,0
6,13,3,1,31.1,241,2.9,0
4,17,6,2,35.3,521,6.3,0
7,21,2,0,35.5,163,2.0,0
7,19,2,3,33.9,550,6.7,0
1,19,1,1,23.0,484,5.9,0
3,20,1,2,16.2,685,8.3,1
3,11,0,2,28.7,216,2.6,0
5,18,2,2,41.7,605,7.3,1
0,13,1,0,32.1,221,2.7,0
2,16,3,1,40.0,235,2.8,0
5,23,1,0,44.7,214,2.6,0
4,20,5,1,19.9,481,5.8,0
6,2,5,3,35.8,155,1.9,0
7,22,1,0,35.2,96,1.2,0
5,6,2,0,44.4,203,2.5,0
2,16,6,3,44.6,174,2.1,0
2,11,6,1,35.6,180,2.2,0
5,8,2,2,22.3,567,6.9,0
1,14,4,3,39.0,235,2.8,0
7,17,6,2,18.2,484,5.9,0
1,20,5,2,38.4,559,6.8,0
6,12,3,3,42.3,170,2.1,0
2,20,2,1,26.5,642,7.8,1
2,7,0,2,33.9,290,3.5,0
4,13,5,3,27.9,96,1.2,0
6,7,3,0,28.1,251,3.0,0
2,13,3,0,24.3,176,2.1,0
6,6,2,0,37.9,210,2.5,0
7,22,3,3,43.1,164,2.0,0
3,11,2,0,43.2,140,1.7,0
2,10,6,2,20.2,506,6.1,0
4,21,1,0,41.2,116,1.4,0
7,21,5,0,37.1,51,0.6,0
5,10,4,2,22.6,441,5.3,0
6,21,1,0,17.0,145,1.8,0
5,12,5,2,23.0,181,2.2,0
1,17,2,0,42.4,420,5.1,0
7,1,5,2,34.0,313,3.8,0
5,20,6,0,36.6,523,6.3,0
0,14,2,2,22.7,294,3.6,0
0,19,1,3,36.6,553,6.7,0
2,17,0,2,15.8,617,7.5,1
6,14,0,0,26.3,179,2.2,0
3,18,5,0,33.8,422,5.1,0
7,22,0,1,19.4,227,2.7,0
2,23,2,2,39.7,220,2.7,0
4,11,3,3,22.1,246,3.0,0
1,12,2,2,34.6,245,3.0,0
6,21,3,2,27.2,259,3.1,0
7,10,1,3,32.9,444,5.4,0
0,4,4,2,18.2,360,4.4,0
7,0,3,3,15.5,217,2.6,0
3,23,0,3,42.3,183,2.2,0
0,2,2,2,23.1,307,3.7,0
3,21,1,2,39.6,282,3.4,0
4,18,0,0,45.0,314,3.8,0
1,22,1,0,21.3,236,2.9,0
4,6,4,1,23.0,97,1.2,0
2,11,6,1,34.9,60,0.7,0
2,14,2,2,44.0,345,4.2,0
4,4,5,3,42.5,121,1.5,0
1,14,2,1,30.1,121,1.5,0
4,7,4,2,38.9,239,2.9,0
1,9,2,1,19.1,345,4.2,0
1,15,5,3,44.3,68,0.8,0
5,7,3,2,43.9,291,3.5,0
0,0,1,3,19.9,102,1.2,0
6,11,5,2,24.0,174,2.1,0
1,4,0,1,18.0,112,1.4,0
3,2,4,0,23.2,219,2.6,0
1,0,3,1,39.5,160,1.9,0
1,3,0,1,26.3,155,1.9,0
1,7,0,0,17.7,187,2.3,0
5,2,4,0,25.3,261,3.2,0
0,9,3,2,44.4,458,5.5,0
5,1,6,2,33.9,170,2.1,0
2,10,0,3,27.5,488,5.9,0
5,9,0,3,20.0,436,5.3,0
3,20,3,1,44.6,554,6.7,0
3,13,2,0,39.6,136,1.6,0
5,6,0,3,23.4,158,1.9,0
0,1,1,1,17.1,112,1.4,0
4,8,3,0,16.7,289,3.5,0
6,15,0,2,18.6,273,3.3,0
0,12,4,1,32.4,137,1.7,0
5,8,5,2,42.9,413,5.0,0
1,19,1,3,29.9,612,7.4,1
7,3,5,3,40.3,174,2.1,0
6,21,5,0,28.4,172,2.1,0
6,9,0,1,36.3,451,5.5,0
3,21,1,2,37.0,168,2.0,0
6,11,1,0,20.2,153,1.9,0
5,16,2,3,25.8,176,2.1,0
1,13,5,3,34.1,54,0.7,0
1,13,1,1,17.1,184,2.2,0
2,1,2,2,25.8,174,2.1,0
1,20,3,1,31.0,376,4.5,0
0,19,2,2,44.9,679,8.2,1
1,10,4,2,29.2,448,5.4,0
3,15,6,1,39.5,185,2.2,0
1,18,0,0,28.0,422,5.1,0
2,22,3,1,38.9,166,2.0,0
7,5,6,1,32.9,118,1.4,0
5,23,6,3,41.6,131,1.6,0
3,18,3,3,27.3,639,7.7,1
0,4,4,1,33.1,235,2.8,0
7,3,2,1,33.9,117,1.4,0
3,14,0,3,27.5,208,2.5,0
4,3,2,2,19.3,293,3.5,0
6,19,1,1,17.8,453,5.5,0
4,9,2,0,15.5,300,3.6,0
1,23,3,0,41.2,196,2.4,0
7,21,0,0,22.1,184,2.2,0
1,2,2,1,21.3,257,3.1,0
6,4,0,2,37.1,329,4.0,0
3,5,0,2,24.6,308,3.7,0
6,20,1,3,30.2,606,7.3,1
2,21,1,1,19.9,221,2.7,0
6,7,3,2,43.8,300,3.6,0
2,6,4,1,40.5,265,3.2,0
6,20,6,3,40.9,560,6.8,0
5,9,0,3,27.2,426,5.2,0
2,5,4,3,37.9,109,1.3,0
7,13,6,0,19.3,193,2.3,0
1,3,6,1,15.3,125,1.5,0
0,12,3,3,15.6,267,3.2,0
1,19,6,1,32.6,344,4.2,0
4,16,6,0,28.7,140,1.7,0
1,22,0,0,30.5,234,2.8,0
3,6,0,3,15.2,159,1.9,0
5,3,5,3,27.7,121,1.5,0
6,13,4,2,36.5,246,3.0,0
4,2,2,1,28.3,91,1.1,0
3,23,1,3,37.0,98,1.2,0
3,4,2,2,22.0,212,2.6,0
2,15,4,1,39.4,208,2.5,0
1,22,1,3,32.7,181,2.2,0
7,19,2,2,21.3,617,7.5,1
0,3,5,2,22.1,196,2.4,0
7,23,1,1,33.8,126,1.5,0
4,23,0,2,39.9,297,3.6,0
5,1,2,1,27.5,219,2.6,0
7,17,1,1,22.7,440,5.3,0
6,18,5,1,41.0,432,5.2,0
7,18,6,0,35.1,356,4.3,0
4,16,1,2,28.4,307,3.7,0
0,13,1,1,29.6,231,2.8,0
7,18,5,3,21.1,342,4.1,0
6,21,6,0,33.8,72,0.9,0
2,23,2,0,25.8,180,2.2,0
5,12,3,2,44.9,319,3.9,0
4,11,2,1,29.4,222,2.7,0
2,5,6,2,29.6,177,2.1,0
2,20,4,0,32.0,391,4.7,0
2,3,5,1,42.5,90,1.1,0
3,18,2,3,39.0,500,6.0,0
5,15,1,1,28.5,245,3.0,0
0,12,5,0,36.6,110,1.3,0
1,3,0,3,32.6,198,2.4,0
5,22,6,1,29.8,167,2.0,0
3,16,2,3,20.8,235,2.8,0
1,22,5,3,28.9,98,1.2,0
5,0,2,0,22.4,99,1.2,0
2,17,5,3,42.4,460,5.6,0
4,19,1,2,25.1,589,7.1,1
1,16,0,0,43.6,195,2.4,0
6,14,0,2,31.0,345,4.2,0
6,10,4,3,33.9,574,6.9,0
7,21,5,2,31.3,221,2.7,0
1,12,2,1,18.9,127,1.5,0
4,0,0,3,26.3,126,1.5,0
0,16,6,1,18.0,166,2.0,0
3,5,0,2,33.7,312,3.8,0
2,3,3,1,28.4,261,3.2,0
7,19,3,3,38.3,527,6.4,0
6,15,0,1,21.6,251,3.0,0
3,14,5,2,19.9,183,2.2,0
3,14,4,2,27.2,244,3.0,0
2,5,0,2,42.8,323,3.9,0
0,14,1,3,36.3,186,2.2,0
0,13,2,2,27.6,243,2.9,0
1,10,4,3,30.5,432,5.2,0
6,6,1,1,17.5,101,1.2,0
0,8,4,2,44.5,485,5.9,0
4,15,1,1,35.0,270,3.3,0
0,4,2,0,23.6,210,2.5,0
3,19,2,1,32.6,363,4.4,0
2,9,3,0,18.3,453,5.5,0
4,17,5,1,44.0,459,5.6,0
1,2,1,3,20.2,164,2.0,0
6,12,3,1,34.4,185,2.2,0
1,10,1,3,22.4,428,5.2,0
3,16,3,3,36.5,185,2.2,0
4,21,2,2,38.3,305,3.7,0
4,12,4,3,35.2,203,2.5,0
4,5,6,0,33.4,59,0.7,0
3,16,3,2,41.8,323,3.9,0
3,12,1,2,17.4,231,2.8,0
1,18,1,1,24.9,561,6.8,0
7,20,6,3,22.4,385,4.7,0
1,18,5,3,44.6,555,6.7,0
6,9,2,0,26.7,509,6.2,0
2,2,1,1,37.0,97,1.2,0
4,13,0,1,35.5,239,2.9,0
7,18,4,2,21.4,548,6.6,0
2,4,3,2,22.2,323,3.9,0
7,4,5,2,23.4,228,2.8,0
0,19,6,0,27.3,516,6.2,0
0,16,4,0,22.0,151,1.8,0
5,20,2,2,15.6,553,6.7,0
0,9,5,1,41.4,307,3.7,0
1,4,3,0,44.0,242,2.9,0
0,3,3,1,25.2,282,3.4,0
3,5,6,1,25.2,52,0.6,0
4,3,0,3,15.2,150,1.8,0
1,6,6,2,35.4,188,2.3,0
2,6,2,3,39.8,235,2.8,0
5,17,5,2,19.4,588,7.1,1
5,2,5,2,19.8,228,2.8,0
5,0,1,1,38.7,195,2.4,0
2,23,0,2,33.5,278,3.4,0
2,3,0,1,16.3,226,2.7,0
2,5,5,1,33.7,54,0.7,0
2,8,5,2,24.3,597,7.2,1
5,21,4,1,26.1,194,2.3,0
5,13,4,1,38.1,232,2.8,0
7,11,4,1,39.3,96,1.2,0
1,19,0,0,27.0,532,6.4,0
4,23,1,1,43.4,180,2.2,0
0,3,3,0,27.2,161,1.9,0
0,20,4,0,38.2,548,6.6,0
3,23,1,1,29.5,191,2.3,0
5,11,6,1,41.9,58,0.7,0
3,9,2,0,42.2,462,5.6,0
1,21,4,0,17.6,199,2.4,0
1,6,6,1,43.1,109,1.3,0
3,2,3,1,39.8,140,1.7,0
5,22,2,2,38.7,277,3.3,0
3,13,2,0,21.0,154,1.9,0
0,23,3,0,39.2,246,3.0,0
7,9,4,2,40.5,581,7.0,0
0,15,0,0,23.7,166,2.0,0
6,15,3,3,43.6,110,1.3,0
5,21,3,0,16.5,170,2.1,0
5,9,3,2,19.5,438,5.3,0
4,12,2,3,31.1,220,2.7,0
2,5,1,1,32.3,144,1.7,0
6,11,6,2,34.4,243,2.9,0
1,8,0,2,15.5,482,5.8,0
5,12,4,1,43.8,111,1.3,0
3,3,4,2,16.3,255,3.1,0
6,23,6,0,19.3,71,0.9,0
4,10,1,1,15.4,561,6.8,0
1,19,3,2,32.0,666,8.1,1
2,17,0,1,43.0,494,6.0,0
2,10,4,1,35.0,499,6.0,0
4,20,6,1,39.7,378,4.6,0
4,3,5,3,15.4,156,1.9,0
3,17,6,2,31.3,531,6.4,0
5,0,4,3,28.8,224,2.7,0
2,6,3,2,30.0,306,3.7,0
1,5,5,0,17.2,124,1.5,0
6,14,1,0,35.5,270,3.3,0
1,17,0,0,30.1,625,7.6,1
7,23,1,2,38.0,337,4.1,0
7,10,1,1,29.6,525,6.3,0
4,19,6,1,19.5,527,6.4,0
3,23,0,3,34.4,160,1.9,0
7,14,0,3,20.2,239,2.9,0
2,15,4,0,41.2,183,2.2,0
1,6,4,3,33.4,272,3.3,0
1,20,0,2,19.7,465,5.6,0
4,9,5,2,43.9,520,6.3,0
5,11,2,3,30.6,113,1.4,0
5,23,4,3,17.2,116,1.4,0
6,13,2,3,33.8,192,2.3,0
4,4,6,3,22.6,93,1.1,0
0,20,5,0,39.1,319,3.9,0
6,17,0,0,39.5,652,7.9,1
0,4,5,3,44.4,81,1.0,0
5,2,4,2,30.1,270,3.3,0
4,22,1,0,28.6,200,2.4,0
0,4,6,2,37.6,259,3.1,0
4,23,0,1,19.0,157,1.9,0
4,16,3,2,31.4,276,3.3,0
5,18,6,3,31.4,443,5.4,0
6,18,2,1,17.7,515,6.2,0
6,20,5,0,27.5,397,4.8,0
4,11,0,0,40.6,175,2.1,0
7,8,6,1,40.7,264,3.2,0
3,0,5,2,18.0,222,2.7,0
5,17,0,0,17.7,469,5.7,0
3,20,4,3,22.9,577,7.0,0
3,3,6,1,41.2,129,1.6,0
6,9,4,3,18.9,468,5.7,0
6,6,6,1,36.6,62,0.7,0
7,21,4,0,18.0,215,2.6,0
3,22,5,2,33.7,227,2.7,0
3,0,3,1,25.7,192,2.3,0
4,16,6,1,38.7,66,0.8,0
6,23,6,3,22.0,81,1.0,0
3,1,4,0,34.2,266,3.2,0
1,10,0,3,22.1,331,4.0,0
7,8,6,0,36.4,379,4.6,0
0,6,4,3,41.2,191,2.3,0
1,21,1,1,18.8,190,2.3,0
1,16,4,3,41.0,198,2.4,0
0,16,5,2,32.8,139,1.7,0
5,1,3,0,18.8,133,1.6,0
5,5,1,0,27.8,209,2.5,0
7,13,5,1,19.8,78,0.9,0
1,5,5,0,36.0,97,1.2,0
3,1,5,2,37.8,167,2.0,0
6,0,0,3,18.2,209,2.5,0
7,9,5,1,30.2,404,4.9,0
4,20,0,2,39.4,515,6.2,0
0,4,5,0,43.1,187,2.3,0
1,1,2,0,30.4,213,2.6,0
7,21,1,2,43.5,300,3.6,0
2,15,2,3,31.1,143,1.7,0
2,1,5,3,26.8,109,1.3,0
5,9,1,1,40.4,375,4.5,0
0,1,1,0,29.8,98,1.2,0
6,15,6,2,29.2,160,1.9,0
3,15,3,3,29.7,195,2.4,0
6,18,2,1,40.4,630,7.6,1
6,6,3,0,40.0,162,2.0,0
6,21,1,0,27.1,127,1.5,0
0,11,0,1,25.0,249,3.0,0
6,23,1,1,29.8,286,3.5,0
4,14,3,3,32.2,215,2.6,0
0,7,2,2,22.2,306,3.7,0
4,5,5,0,38.8,53,0.6,0
0,9,6,2,29.6,263,3.2,0
5,2,6,0,25.0,140,1.7,0
7,18,6,0,18.2,340,4.1,0
2,16,5,2,22.2,199,2.4,0
6,6,6,1,43.5,119,1.4,0
5,20,2,3,24.2,534,6.5,0
7,19,5,0,20.1,370,4.5,0
2,3,6,1,28.8,193,2.3,0
1,13,5,0,24.2,73,0.9,0
3,19,3,3,16.1,568,6.9,0
4,21,2,0,24.7,182,2.2,0
1,14,4,3,31.3,199,2.4,0
0,23,0,3,31.6,195,2.4,0
2,7,6,0,25.7,141,1.7,0
1,20,0,0,28.4,480,5.8,0
3,14,5,3,44.0,79,1.0,0
5,21,0,1,26.3,105,1.3,0
2,19,2,2,22.7,569,6.9,0
1,13,2,3,22.3,205,2.5,0
4,8,1,0,28.7,512,6.2,0
4,7,6,0,37.8,164,2.0,0
7,16,1,1,21.2,147,1.8,0
1,1,0,2,36.3,334,4.0,0
6,23,4,3,15.6,185,2.2,0
1,2,1,3,27.6,166,2.0,0
5,7,1,2,38.3,304,3.7,0
2,11,2,3,25.2,204,2.5,0
2,0,4,2,31.9,371,4.5,0
5,9,5,0,21.1,445,5.4,0
1,19,0,2,37.3,726,8.8,1
5,2,1,3,16.6,201,2.4,0
3,5,4,2,40.6,259,3.1,0
0,6,6,1,20.9,194,2.3,0
5,19,4,0,41.2,579,7.0,0
4,22,0,0,25.6,207,2.5,0
5,17,4,2,36.7,503,6.1,0
2,10,4,3,24.6,415,5.0,0
4,18,4,1,42.2,498,6.0,0
2,4,6,0,18.8,84,1.0,0
7,18,1,0,20.4,480,5.8,0
6,10,0,3,29.8,436,5.3,0
2,23,6,3,17.5,93,1.1,0
4,11,4,1,20.9,216,2.6,0
7,9,4,2,43.3,571,6.9,0
2,7,1,3,44.3,151,1.8,0
3,23,0,2,26.3,272,3.3,0
5,8,2,1,42.7,440,5.3,0
6,3,6,2,31.3,249,3.0,0
2,4,1,0,23.1,136,1.6,0
7,20,0,2,36.1,617,7.5,1
3,7,6,1,34.8,135,1.6,0
1,22,4,1,44.7,156,1.9,0
7,8,0,1,23.0,377,4.6,0
5,14,0,2,35.2,281,3.4,0
7,14,5,0,16.6,175,2.1,0
3,15,0,3,18.4,224,2.7,0
7,13,2,0,15.1,188,2.3,0
3,7,0,2,45.0,216,2.6,0
2,17,2,2,39.1,454,5.5,0
0,9,4,3,38.6,443,5.4,0
3,19,2,2,30.3,602,7.3,1
3,5,6,1,24.0,160,1.9,0
6,11,4,1,19.5,229,2.8,0
3,1,4,1,23.5,189,2.3,0
3,6,2,1,26.3,252,3.0,0
1,15,1,1,37.7,269,3.3,0
0,2,3,2,31.2,354,4.3,0
2,12,0,3,17.3,168,2.0,0
5,2,5,3,15.5,91,1.1,0
6,17,3,1,18.1,440,5.3,0
1,10,0,2,27.3,598,7.2,1
4,7,0,0,43.0,194,2.3,0
0,5,4,0,34.1,142,1.7,0
2,0,0,2,39.1,348,4.2,0
2,0,5,1,29.0,126,1.5,0
4,22,0,3,25.8,203,2.5,0
5,7,2,2,18.3,348,4.2,0
3,4,3,0,41.3,253,3.1,0
1,15,2,0,38.5,226,2.7,0
7,10,5,0,20.0,482,5.8,0
6,4,0,1,30.4,266,3.2,0
7,3,6,0,29.6,81,1.0,0
4,5,5,2,33.8,211,2.6,0
2,13,4,2,43.4,291,3.5,0
5,21,2,0,32.4,252,3.0,0
2,18,2,2,31.2,473,5.7,0
6,8,1,0,16.5,464,5.6,0
2,11,0,0,16.9,239,2.9,0
2,10,4,3,20.6,583,7.0,0
6,13,6,1,16.0,57,0.7,0
1,22,2,1,37.3,189,2.3,0
1,15,2,3,36.7,239,2.9,0
6,0,4,3,19.1,180,2.2,0
5,12,5,1,40.1,89,1.1,0
4,22,5,0,19.6,52,0.6,0
0,20,0,0,24.0,593,7.2,1
2,20,1,1,22.5,469,5.7,0
5,12,2,0,26.2,233,2.8,0
2,1,1,3,22.6,242,2.9,0
0,3,5,0,29.7,199,2.4,0
4,5,5,0,27.2,53,0.6,0
1,22,3,2,44.6,342,4.1,0
5,4,6,2,16.7,220,2.7,0
3,2,0,2,19.3,345,4.2,0
3,0,3,0,16.6,101,1.2,0
0,3,6,1,33.8,141,1.7,0
3,19,3,3,16.6,566,6.8,0
1,1,3,0,40.1,246,3.0,0
0,4,0,1,30.4,223,2.7,0
1,2,0,0,30.8,252,3.0,0
4,8,4,3,31.8,440,5.3,0
2,19,1,0,20.1,631,7.6,1
4,5,1,3,20.9,251,3.0,0
4,17,4,0,24.6,478,5.8,0
1,5,4,3,32.8,259,3.1,0
0,18,5,0,21.3,386,4.7,0
0,11,6,3,18.5,84,1.0,0
3,10,3,2,44.1,534,6.5,0
7,1,4,0,15.7,240,2.9,0
2,14,2,0,39.1,205,2.5,0
1,11,1,1,38.6,195,2.4,0
3,11,4,1,23.9,252,3.0,0
5,8,2,3,19.1,589,7.1,1
7,20,2,0,19.4,415,5.0,0
7,23,2,3,35.9,165,2.0,0
1,1,5,2,34.3,261,3.2,0
6,21,5,1,38.5,100,1.2,0
2,2,2,3,43.1,195,2.4,0
7,11,6,3,35.8,104,1.3,0
1,15,5,1,19.7,126,1.5,0
1,20,3,0,22.3,482,5.8,0
3,23,2,3,40.3,190,2.3,0
5,0,3,1,21.3,234,2.8,0
6,20,3,0,17.2,410,5.0,0
2,2,2,2,36.1,342,4.1,0
0,19,1,1,27.1,423,5.1,0
4,1,6,3,42.6,87,1.1,0
5,8,2,2,34.5,637,7.7,1
5,18,2,0,17.7,386,4.7,0
3,14,5,0,43.4,50,0.6,0
0,17,2,1,22.8,440,5.3,0
7,10,1,1,25.1,324,3.9,0
7,22,5,1,27.1,98,1.2,0
3,15,0,0,16.5,209,2.5,0
1,21,0,2,29.9,186,2.2,0
7,16,3,0,18.7,212,2.6,0
6,4,6,3,27.0,142,1.7,0
2,11,3,0,25.5,227,2.7,0
5,10,1,3,38.2,433,5.2,0
5,14,4,2,39.1,371,4.5,0
6,2,6,1,19.6,144,1.7,0
0,0,0,1,26.0,231,2.8,0
7,19,3,0,26.2,466,5.6,0
5,15,0,1,19.5,239,2.9,0
4,1,1,2,39.0,300,3.6,0
0,1,1,1,36.2,229,2.8,0
2,2,4,0,20.7,131,1.6,0
2,7,4,2,26.0,301,3.6,0
5,23,5,3,18.2,178,2.2,0
3,14,6,0,33.8,163,2.0,0
0,6,1,3,18.6,213,2.6,0
5,5,3,2,44.6,409,4.9,0
3,8,0,0,38.4,493,6.0,0
5,19,2,0,26.7,458,5.5,0
4,0,4,2,32.4,352,4.3,0
0,7,2,1,42.3,196,2.4,0
1,22,3,0,31.6,267,3.2,0
2,22,4,0,20.2,133,1.6,0
5,2,2,3,26.4,242,2.9,0
4,3,6,1,40.3,78,0.9,0
3,14,3,3,34.3,116,1.4,0
3,5,0,3,34.5,115,1.4,0
2,14,6,1,41.0,154,1.9,0
6,20,3,1,41.8,617,7.5,1
5,2,5,2,42.6,159,1.9,0
0,20,4,1,17.8,481,5.8,0
7,20,1,0,31.3,438,5.3,0
3,13,0,1,37.2,273,3.3,0
0,19,6,2,37.7,654,7.9,1
0,13,6,2,33.2,281,3.4,0
1,3,2,2,20.0,310,3.7,0
0,11,4,1,38.9,231,2.8,0
0,16,1,1,36.6,184,2.2,0
1,6,3,3,17.6,219,2.6,0
3,8,1,3,28.9,560,6.8,0
0,2,4,0,20.2,183,2.2,0
6,12,4,3,25.1,113,1.4,0
6,14,5,0,15.5,117,1.4,0
4,17,5,2,27.0,546,6.6,0
1,18,1,3,31.5,472,5.7,0
4,0,3,1,33.6,133,1.6,0
1,5,1,3,34.9,267,3.2,0
5,22,4,0,40.1,171,2.1,0
5,1,4,3,21.5,128,1.5,0
0,23,2,2,18.6,188,2.3,0
7,13,5,1,40.5,164,2.0,0
5,5,2,0,19.7,107,1.3,0
7,13,0,1,44.2,208,2.5,0
5,3,4,1,40.3,129,1.6,0
2,20,2,0,30.0,544,6.6,0
5,7,1,1,44.4,237,2.9,0
4,2,5,1,17.9,98,1.2,0
3,18,5,3,24.1,491,5.9,0
0,13,3,1,34.1,167,2.0,0
4,19,1,1,25.5,407,4.9,0
3,16,3,1,42.9,206,2.5,0
6,7,2,1,17.0,182,2.2,0
4,23,6,0,31.5,176,2.1,0
6,13,0,2,32.7,287,3.5,0
7,5,1,3,34.6,88,1.1,0
7,22,1,1,22.7,136,1.6,0
2,21,1,1,25.9,211,2.6,0
5,15,3,0,40.3,246,3.0,0
4,18,2,2,20.8,552,6.7,0
6,13,1,1,39.8,209,2.5,0
3,18,6,0,31.9,425,5.1,0
7,2,1,3,37.9,147,1.8,0
5,9,5,3,36.4,349,4.2,0
7,18,0,1,21.2,498,6.0,0
3,8,5,1,32.1,317,3.8,0
5,19,5,2,41.0,654,7.9,1
5,12,0,2,28.0,239,2.9,0
6,6,6,1,44.0,51,0.6,0
6,13,2,0,28.6,255,3.1,0
4,8,5,2,19.3,606,7.3,1
4,22,2,1,26.7,208,2.5,0
1,18,5,2,43.6,574,6.9,0
0,14,4,1,24.6,276,3.3,0
1,19,0,3,41.0,495,6.0,0
2,13,5,1,41.4,72,0.9,0
7,23,4,3,25.5,161,1.9,0
4,5,3,2,17.5,257,3.1,0
6,20,4,1,36.7,331,4.0,0
3,3,1,2,24.3,299,3.6,0
6,7,5,3,38.5,80,1.0,0
7,16,4,1,28.3,259,3.1,0
1,8,2,2,29.6,459,5.6,0
6,0,3,3,38.3,137,1.7,0
0,23,6,2,26.5,266,3.2,0
2,19,5,0,28.3,538,6.5,0
7,13,1,3,26.3,232,2.8,0
1,10,6,3,26.0,322,3.9,0
0,20,4,3,30.8,507,6.1,0
3,2,6,1,39.3,70,0.8,0
1,8,6,1,25.9,294,3.6,0
5,13,3,1,30.7,245,3.0,0
0,8,6,0,35.1,446,5.4,0
0,3,6,0,23.1,78,0.9,0
2,3,5,3,23.3,154,1.9,0
7,7,3,0,43.0,164,2.0,0
3,1,1,2,36.7,374,4.5,0
2,8,4,3,32.3,538,6.5,0
1,13,3,3,34.4,179,2.2,0
2,21,3,2,15.9,271,3.3,0
0,8,0,3,33.5,444,5.4,0
7,23,3,0,30.3,204,2.5,0
4,22,0,1,31.4,201,2.4,0
2,15,4,2,25.8,360,4.4,0
5,16,6,0,17.4,157,1.9,0
2,15,5,2,20.8,152,1.8,0
1,11,5,2,43.5,262,3.2,0
1,2,4,3,27.3,205,2.5,0
3,10,4,3,29.0,512,6.2,0
1,13,2,0,16.6,205,2.5,0
6,17,6,2,16.1,439,5.3,0
7,20,4,3,36.5,323,3.9,0
7,20,3,3,31.1,465,5.6,0
4,4,5,2,30.3,263,3.2,0
4,15,1,0,22.3,258,3.1,0
7,19,5,0,37.3,409,4.9,0
5,4,0,2,20.0,225,2.7,0
4,2,5,0,20.7,82,1.0,0
3,11,2,3,28.8,159,1.9,0
1,0,6,2,23.6,152,1.8,0
7,20,4,3,22.4,610,7.4,1
0,8,6,1,34.4,328,4.0,0
4,8,4,1,34.5,357,4.3,0
7,3,5,0,39.7,172,2.1,0
6,2,1,1,27.5,215,2.6,0
2,16,1,3,17.2,109,1.3,0
1,1,2,1,23.2,149,1.8,0
7,23,0,3,44.4,114,1.4,0
2,0,5,0,32.9,112,1.4,0
4,7,4,0,36.3,145,1.8,0
2,12,5,3,15.2,112,1.4,0
1,22,2,1,30.5,189,2.3,0
7,14,3,0,16.1,197,2.4,0
6,7,3,2,32.1,167,2.0,0
5,11,2,0,42.6,151,1.8,0
4,21,4,1,44.1,261,3.2,0
7,11,6,2,31.2,298,3.6,0
1,13,2,1,28.7,166,2.0,0
4,14,4,3,43.4,142,1.7,0
3,14,1,2,35.2,249,3.0,0
2,8,2,1,16.9,456,5.5,0
5,18,4,2,29.0,441,5.3,0
1,19,2,1,22.2,468,5.7,0
3,21,2,2,29.1,226,2.7,0
0,7,6,1,28.7,154,1.9,0
7,20,6,3,32.5,393,4.8,0
6,18,4,2,25.7,520,6.3,0
4,5,4,2,19.9,264,3.2,0
2,19,0,2,30.1,632,7.6,1
4,18,2,2,39.9,743,9.0,1
5,3,3,3,34.9,202,2.4,0
7,22,2,2,25.2,307,3.7,0
4,6,2,0,43.1,228,2.8,0
2,3,4,3,42.4,185,2.2,0
7,21,2,0,21.3,139,1.7,0
4,11,5,2,16.2,162,2.0,0
6,12,2,1,37.2,196,2.4,0
1,2,5,0,39.8,174,2.1,0
7,21,6,2,44.0,235,2.8,0
1,11,3,0,41.7,228,2.8,0
0,1,4,2,33.0,311,3.8,0
7,23,2,2,30.9,317,3.8,0
6,1,5,2,15.8,254,3.1,0
1,22,5,1,22.4,128,1.5,0
3,8,6,0,28.8,305,3.7,0
2,0,5,3,33.9,64,0.8,0
3,7,1,3,31.7,169,2.0,0
4,22,0,3,37.3,194,2.3,0
6,5,3,3,23.4,108,1.3,0
3,5,6,2,31.9,152,1.8,0
7,21,6,0,17.6,163,2.0,0
4,17,2,0,27.4,523,6.3,0
4,16,1,1,37.5,171,2.1,0
3,11,2,0,35.8,188,2.3,0
0,5,2,0,44.7,183,2.2,0
3,7,4,0,23.3,195,2.4,0
0,18,4,1,29.9,454,5.5,0
6,9,4,3,24.9,507,6.1,0
2,0,1,0,28.2,183,2.2,0
3,12,2,1,40.7,219,2.6,0
5,16,0,1,35.5,192,2.3,0
0,2,3,2,41.5,289,3.5,0
3,7,4,1,21.1,274,3.3,0
1,13,4,3,41.2,200,2.4,0
7,2,6,0,16.8,165,2.0,0
5,15,2,1,41.7,103,1.2,0
5,12,2,3,24.9,168,2.0,0
0,19,1,1,24.4,588,7.1,1
1,23,1,1,30.4,120,1.5,0
1,16,4,1,43.2,148,1.8,0
4,12,2,1,16.4,222,2.7,0
0,5,0,1,25.6,262,3.2,0
2,16,3,3,40.7,175,2.1,0
7,13,2,0,26.9,151,1.8,0
6,16,6,0,21.0,125,1.5,0
5,7,2,0,27.7,260,3.1,0
6,10,5,0,26.6,460,5.6,0
3,19,1,3,42.5,393,4.8,0
3,0,6,2,37.9,236,2.9,0
6,6,3,2,30.2,355,4.3,0
3,20,4,3,44.7,548,6.6,0
2,20,6,3,29.0,365,4.4,0
1,16,2,1,16.7,200,2.4,0
3,9,4,1,22.9,339,4.1,0
4,10,2,1,28.1,468,5.7,0
3,21,4,0,19.7,158,1.9,0
7,8,3,1,43.4,443,5.4,0
2,8,1,2,38.0,462,5.6,0
7,23,3,0,23.0,252,3.0,0
7,4,5,1,32.7,71,0.9,0
4,16,0,0,36.6,217,2.6,0
2,8,1,2,43.2,546,6.6,0
2,16,3,1,41.4,200,2.4,0
0,23,5,2,30.5,222,2.7,0
2,20,0,2,38.2,740,8.9,1
2,18,5,2,31.9,649,7.8,1
2,6,2,1,31.6,173,2.1,0
4,22,2,3,18.4,194,2.3,0
3,8,4,1,18.8,416,5.0,0
0,6,1,2,30.9,301,3.6,0
7,12,2,1,23.1,209,2.5,0
2,10,6,2,15.6,563,6.8,0
5,13,5,3,36.7,88,1.1,0
3,18,1,0,16.0,563,6.8,0
3,10,6,3,32.9,391,4.7,0
7,12,2,3,31.2,134,1.6,0
4,13,4,0,44.1,208,2.5,0
6,12,3,1,29.5,253,3.1,0
6,0,4,0,16.9,147,1.8,0
3,7,6,1,31.6,149,1.8,0
1,11,0,1,40.2,184,2.2,0
1,18,2,2,44.9,636,7.7,1
7,11,6,2,27.9,253,3.1,0
6,7,0,0,24.6,124,1.5,0
3,7,0,3,42.2,96,1.2,0
4,20,5,0,20.7,419,5.1,0
6,12,1,1,33.5,231,2.8,0
3,11,5,2,27.2,230,2.8,0
3,15,2,0,16.2,119,1.4,0
2,0,0,0,25.4,231,2.8,0
4,12,6,2,23.0,325,3.9,0
2,6,3,2,35.6,345,4.2,0
7,4,0,2,43.5,328,4.0,0
2,7,6,1,23.0,110,1.3,0
5,13,3,2,39.3,244,3.0,0
2,22,5,3,16.7,59,0.7,0
